{"HR_FNAME":"\u0e19\u0e32\u0e22\u0e17\u0e14\u0e2a\u0e2d\u0e1a1 \u0e23\u0e30\u0e1a\u0e1a1","POSITION_IN_WORK":"\u0e19\u0e31\u0e01\u0e27\u0e34\u0e0a\u0e32\u0e01\u0e32\u0e23\u0e04\u0e2d\u0e21\u0e1e\u0e34\u0e27\u0e40\u0e15\u0e2d\u0e23\u0e4c","DEPARTMENT_NAME":"\u0e44\u0e21\u0e48\u0e17\u0e23\u0e32\u0e1a","HR_DEPARTMENT_SUB_NAME":"\u0e44\u0e21\u0e48\u0e17\u0e23\u0e32\u0e1a","HR_DEPARTMENT_SUB_SUB_NAME":"\u0e44\u0e21\u0e48\u0e17\u0e23\u0e32\u0e1a","HR_STARTWORK_DATE":"2011-04-01","HR_KIND_TYPE_NAME":"\u0e02\u0e49\u0e32\u0e23\u0e32\u0e0a\u0e01\u0e32\u0e23\u0e1e\u0e25\u0e40\u0e23\u0e37\u0e2d\u0e19\u0e2a\u0e32\u0e21\u0e31\u0e0d","HR_EMAIL":"test1111@test1.com","SUB_SUB_LEADER":"\u0e19\u0e32\u0e22 \u0e19\u0e32\u0e22\u0e17\u0e14\u0e2a\u0e2d\u0e1a2 \u0e23\u0e30\u0e1a\u0e1a2","LEADER_HR_ID":"3174","LEVEL_CAREER":"\u0e2b\u0e31\u0e27\u0e2b\u0e19\u0e49\u0e32\u0e20\u0e32\u0e23\u0e01\u0e34\u0e08"}